[{"model": "kitchen.dishtype", "pk": 1, "fields": {"name": "Biscuits"}}, {"model": "kitchen.dishtype", "pk": 2, "fields": {"name": "Braai"}}, {"model": "kitchen.dishtype", "pk": 3, "fields": {"name": "Bread"}}, {"model": "kitchen.dishtype", "pk": 4, "fields": {"name": "Cakes"}}, {"model": "kitchen.dishtype", "pk": 5, "fields": {"name": "Curries"}}, {"model": "kitchen.dishtype", "pk": 6, "fields": {"name": "Desserts"}}, {"model": "kitchen.dishtype", "pk": 7, "fields": {"name": "Pasta"}}, {"model": "kitchen.dishtype", "pk": 8, "fields": {"name": "Pizza"}}, {"model": "kitchen.dishtype", "pk": 9, "fields": {"name": "Salad"}}, {"model": "kitchen.cook", "pk": 1, "fields": {"password": "pbkdf2_sha256$1000000$kQm8DnlyRDRdbMqpqr5uyu$wOIPMHqqDygdSJBfYYFEdPn4YCjCNRMbHKuYdNr/zXM=", "last_login": "2025-05-10T14:58:01.432Z", "is_superuser": true, "username": "admin.user", "first_name": "Admin", "last_name": "User", "email": "admin.user@taxi.com", "is_staff": true, "is_active": true, "date_joined": "2022-08-08T13:58:29Z", "years_of_experience": 5, "groups": [], "user_permissions": []}}, {"model": "kitchen.cook", "pk": 2, "fields": {"password": "pbkdf2_sha256$320000$6uM28XWOFX6ewyloJzjqmt$L+ZhofPylneoaL2iZS4sZu4ZMUNb4oIevfAdzOMn/eE=", "last_login": null, "is_superuser": false, "username": "joyce.byers", "first_name": "Joyce", "last_name": "Byers", "email": "joyce.byers@taxi.com", "is_staff": false, "is_active": true, "date_joined": "2022-08-08T14:17:04Z", "years_of_experience": 1, "groups": [], "user_permissions": []}}, {"model": "kitchen.cook", "pk": 3, "fields": {"password": "pbkdf2_sha256$320000$6uM28XWOFX6ewyloJzjqmt$L+ZhofPylneoaL2iZS4sZu4ZMUNb4oIevfAdzOMn/eE=", "last_login": null, "is_superuser": false, "username": "jim.hopper", "first_name": "Jim", "last_name": "Hopper", "email": "jim.hopper@taxi.com", "is_staff": false, "is_active": true, "date_joined": "2022-08-08T14:19:09Z", "years_of_experience": 4, "groups": [], "user_permissions": []}}, {"model": "kitchen.cook", "pk": 4, "fields": {"password": "pbkdf2_sha256$320000$6uM28XWOFX6ewyloJzjqmt$L+ZhofPylneoaL2iZS4sZu4ZMUNb4oIevfAdzOMn/eE=", "last_login": null, "is_superuser": false, "username": "jonathan.byers", "first_name": "Jonathan", "last_name": "Byers", "email": "jonathan.byers@taxi.com", "is_staff": false, "is_active": true, "date_joined": "2022-08-08T14:19:09Z", "years_of_experience": 3, "groups": [], "user_permissions": []}}, {"model": "kitchen.cook", "pk": 5, "fields": {"password": "pbkdf2_sha256$320000$6uM28XWOFX6ewyloJzjqmt$L+ZhofPylneoaL2iZS4sZu4ZMUNb4oIevfAdzOMn/eE=", "last_login": null, "is_superuser": false, "username": "dustin.henderson", "first_name": "Dustin", "last_name": "Henderson", "email": "dustin.henderson@taxi.com", "is_staff": false, "is_active": true, "date_joined": "2022-08-09T14:19:09Z", "years_of_experience": 2, "groups": [], "user_permissions": []}}, {"model": "kitchen.cook", "pk": 6, "fields": {"password": "pbkdf2_sha256$320000$6uM28XWOFX6ewyloJzjqmt$L+ZhofPylneoaL2iZS4sZu4ZMUNb4oIevfAdzOMn/eE=", "last_login": null, "is_superuser": false, "username": "mike.wheeler", "first_name": "Mike", "last_name": "Wheeler", "email": "mike.wheeler@taxi.com", "is_staff": false, "is_active": true, "date_joined": "2022-08-09T14:19:09Z", "years_of_experience": 10, "groups": [], "user_permissions": []}}, {"model": "kitchen.cook", "pk": 7, "fields": {"password": "pbkdf2_sha256$320000$6uM28XWOFX6ewyloJzjqmt$L+ZhofPylneoaL2iZS4sZu4ZMUNb4oIevfAdzOMn/eE=", "last_login": null, "is_superuser": false, "username": "lucas.sinclair", "first_name": "Lucas", "last_name": "Sinclair", "email": "lucas.sinclair@taxi.com", "is_staff": false, "is_active": true, "date_joined": "2022-08-09T14:19:09Z", "years_of_experience": 15, "groups": [], "user_permissions": []}}, {"model": "kitchen.cook", "pk": 8, "fields": {"password": "pbkdf2_sha256$320000$6uM28XWOFX6ewyloJzjqmt$L+ZhofPylneoaL2iZS4sZu4ZMUNb4oIevfAdzOMn/eE=", "last_login": null, "is_superuser": false, "username": "nancy.wheeler", "first_name": "Nancy", "last_name": "Wheeler", "email": "nancy.wheeler@taxi.com", "is_staff": false, "is_active": true, "date_joined": "2022-08-09T14:19:09Z", "years_of_experience": 1, "groups": [], "user_permissions": []}}, {"model": "kitchen.cook", "pk": 9, "fields": {"password": "pbkdf2_sha256$320000$6uM28XWOFX6ewyloJzjqmt$L+ZhofPylneoaL2iZS4sZu4ZMUNb4oIevfAdzOMn/eE=", "last_login": null, "is_superuser": false, "username": "martin.brenner", "first_name": "Martin", "last_name": "Brenner", "email": "martin.brenner@taxi.com", "is_staff": false, "is_active": true, "date_joined": "2022-08-09T14:19:09Z", "years_of_experience": 9, "groups": [], "user_permissions": []}}, {"model": "kitchen.cook", "pk": 10, "fields": {"password": "pbkdf2_sha256$320000$6uM28XWOFX6ewyloJzjqmt$L+ZhofPylneoaL2iZS4sZu4ZMUNb4oIevfAdzOMn/eE=", "last_login": null, "is_superuser": false, "username": "billy.hargrove", "first_name": "Billy", "last_name": "Hargrove", "email": "billy.hargrove@taxi.com", "is_staff": false, "is_active": true, "date_joined": "2022-08-09T14:19:09Z", "years_of_experience": 5, "groups": [], "user_permissions": []}}, {"model": "kitchen.cook", "pk": 11, "fields": {"password": "pbkdf2_sha256$320000$6uM28XWOFX6ewyloJzjqmt$L+ZhofPylneoaL2iZS4sZu4ZMUNb4oIevfAdzOMn/eE=", "last_login": null, "is_superuser": false, "username": "bob.newby", "first_name": "Bob", "last_name": "Newby", "email": "bob.newby@taxi.com", "is_staff": false, "is_active": true, "date_joined": "2022-08-09T14:19:09Z", "years_of_experience": 4, "groups": [], "user_permissions": []}}, {"model": "kitchen.ingredient", "pk": 1, "fields": {"name": "Spaghetti", "calories_per_100g": 158}}, {"model": "kitchen.ingredient", "pk": 2, "fields": {"name": "Bacon", "calories_per_100g": 541}}, {"model": "kitchen.ingredient", "pk": 3, "fields": {"name": "Parmesan", "calories_per_100g": 431}}, {"model": "kitchen.ingredient", "pk": 4, "fields": {"name": "Egg", "calories_per_100g": 155}}, {"model": "kitchen.ingredient", "pk": 5, "fields": {"name": "Chicken breast", "calories_per_100g": 165}}, {"model": "kitchen.ingredient", "pk": 6, "fields": {"name": "Tomato", "calories_per_100g": 18}}, {"model": "kitchen.ingredient", "pk": 7, "fields": {"name": "Onion", "calories_per_100g": 40}}, {"model": "kitchen.ingredient", "pk": 8, "fields": {"name": "Basil", "calories_per_100g": 23}}, {"model": "kitchen.ingredient", "pk": 9, "fields": {"name": "Flour", "calories_per_100g": 364}}, {"model": "kitchen.ingredient", "pk": 10, "fields": {"name": "Cheese", "calories_per_100g": 402}}, {"model": "kitchen.ingredient", "pk": 11, "fields": {"name": "Garlic", "calories_per_100g": 149}}, {"model": "kitchen.ingredient", "pk": 12, "fields": {"name": "Butter", "calories_per_100g": 717}}, {"model": "kitchen.ingredient", "pk": 13, "fields": {"name": "Chocolate", "calories_per_100g": 350}}, {"model": "kitchen.ingredient", "pk": 14, "fields": {"name": "Cream", "calories_per_100g": 150}}, {"model": "kitchen.ingredient", "pk": 15, "fields": {"name": "Vanilla", "calories_per_100g": 100}}, {"model": "kitchen.dish", "pk": 1, "fields": {"name": "Spaghetti Carbonara", "description": "Italian pasta with creamy bacon and cheese", "price": "12.00", "dish_type": 7, "cooks": [1, 10], "ingredients": [1, 3, 4]}}, {"model": "kitchen.dish", "pk": 2, "fields": {"name": "Chicken Salad", "description": "Fresh salad with grilled chicken", "price": "10.00", "dish_type": 9, "cooks": [3], "ingredients": [5, 6, 7, 8]}}, {"model": "kitchen.dish", "pk": 3, "fields": {"name": "Chocolate Biscuits", "description": "Delicious chocolate biscuits", "price": "2.00", "dish_type": 1, "cooks": [1, 2], "ingredients": [9, 12, 13]}}, {"model": "kitchen.dish", "pk": 4, "fields": {"name": "Fresh Baked Bread", "description": "Homemade white bread", "price": "3.00", "dish_type": 3, "cooks": [10], "ingredients": [9]}}, {"model": "kitchen.dish", "pk": 5, "fields": {"name": "Chocolate Cake", "description": "Rich chocolate cake", "price": "20.00", "dish_type": 4, "cooks": [9], "ingredients": [4, 9, 13]}}, {"model": "kitchen.dish", "pk": 6, "fields": {"name": "South African Braai", "description": "Meat cooked over an open flame", "price": "15.00", "dish_type": 2, "cooks": [4], "ingredients": [5]}}, {"model": "kitchen.dish", "pk": 7, "fields": {"name": "Chicken Curry", "description": "Spicy chicken curry", "price": "12.00", "dish_type": 5, "cooks": [5], "ingredients": [5]}}, {"model": "kitchen.dish", "pk": 8, "fields": {"name": "Vanilla Ice Cream", "description": "Homemade vanilla ice cream", "price": "5.00", "dish_type": 6, "cooks": [7], "ingredients": [14, 15]}}, {"model": "kitchen.dish", "pk": 9, "fields": {"name": "Margherita Pizza", "description": "Margherita pizza", "price": "9.00", "dish_type": 8, "cooks": [6], "ingredients": [6, 9, 10]}}, {"model": "kitchen.dish", "pk": 10, "fields": {"name": "Italian Spaghetti", "description": "Classic Italian spaghetti", "price": "10.00", "dish_type": 7, "cooks": [8], "ingredients": [1, 6, 8]}}, {"model": "kitchen.dish", "pk": 11, "fields": {"name": "Greek Salad", "description": "Greek salad with feta cheese", "price": "7.00", "dish_type": 9, "cooks": [11], "ingredients": [6, 7, 10]}}]
